iter,best_cost
0,6.710755504883866
1,6.603168276259926
2,5.571756224848101
3,5.571756224848101
4,5.337889166420527
5,4.927213864712265
6,4.927213864712265
7,4.864943236891214
8,4.842404919476546
9,4.639787376176245
10,4.386818034911499
11,4.386818034911499
12,4.308702011869989
13,4.1954450335709055
14,4.1954450335709055
15,4.1954450335709055
16,4.119774561846674
17,4.119774561846674
18,4.119774561846674
19,4.119774561846674
20,4.119774561846674
21,4.095225350173123
22,4.095225350173123
23,4.095225350173123
24,4.095225350173123
25,4.095225350173123
26,4.095225350173123
27,4.095225350173123
28,4.095225350173123
29,4.095225350173123
30,4.095225350173123
31,4.095225350173123
32,4.083292910215296
33,4.083292910215296
34,4.083292910215296
35,4.083292910215296
36,4.083292910215296
37,4.083292910215296
38,4.083292910215296
39,4.083292910215296
40,4.083292910215296
41,4.083292910215296
42,4.083292910215296
43,4.083292910215296
44,4.083292910215296
45,4.083292910215296
46,4.083292910215296
47,4.083292910215296
48,4.083292910215296
49,4.083292910215296
50,4.083292910215296
51,4.083292910215296
52,4.083292910215296
53,4.083292910215296
54,4.083292910215296
55,4.083292910215296
56,4.083292910215296
57,4.083292910215296
58,4.083292910215296
59,4.083292910215296
60,4.083292910215296
61,4.083292910215296
62,4.083292910215296
63,4.083292910215296
64,4.083292910215296
65,4.083292910215296
66,4.083292910215296
67,4.083292910215296
68,4.083292910215296
69,4.083292910215296
70,4.083292910215296
71,4.083292910215296
72,4.083292910215296
73,4.083292910215296
74,4.083292910215296
75,4.083292910215296
76,4.083292910215296
77,4.083292910215296
78,4.083292910215296
79,4.083292910215296
80,4.083292910215296
81,4.083292910215296
82,4.083292910215296
83,4.083292910215296
84,4.083292910215296
85,4.083292910215296
86,4.083292910215296
87,4.083292910215296
88,4.083292910215296
89,4.083292910215296
90,4.083292910215296
91,4.083292910215296
92,4.083292910215296
93,4.083292910215296
94,4.083292910215296
95,4.083292910215296
96,4.083292910215296
97,4.083292910215296
98,4.083292910215296
99,4.083292910215296
100,4.083292910215296
101,4.083292910215296
102,4.083292910215296
103,4.083292910215296
104,4.083292910215296
105,4.083292910215296
106,4.083292910215296
107,4.083292910215296
108,4.083292910215296
109,4.083292910215296
110,4.083292910215296
111,4.083292910215296
112,4.083292910215296
113,4.083292910215296
114,4.083292910215296
115,4.083292910215296
116,4.083292910215296
117,4.083292910215296
118,4.083292910215296
119,4.083292910215296
120,4.083292910215296
121,4.083292910215296
122,4.083292910215296
123,4.083292910215296
124,4.083292910215296
125,4.083292910215296
126,4.083292910215296
127,4.083292910215296
128,4.083292910215296
129,4.083292910215296
130,4.083292910215296
131,4.083292910215296
132,4.083292910215296
133,4.083292910215296
134,4.083292910215296
135,4.083292910215296
136,4.083292910215296
137,4.083292910215296
138,4.083292910215296
139,4.083292910215296
140,4.083292910215296
141,4.083292910215296
142,4.083292910215296
143,4.083292910215296
144,4.083292910215296
145,4.083292910215296
146,4.083292910215296
147,4.083292910215296
148,4.083292910215296
149,4.083292910215296
150,4.083292910215296
151,4.083292910215296
152,4.083292910215296
153,4.083292910215296
154,4.083292910215296
155,4.083292910215296
156,4.083292910215296
157,4.083292910215296
158,4.083292910215296
159,4.083292910215296
160,4.083292910215296
161,4.083292910215296
162,4.083292910215296
163,4.083292910215296
164,4.083292910215296
165,4.083292910215296
166,4.083292910215296
167,4.083292910215296
168,4.083292910215296
169,4.083292910215296
170,4.083292910215296
171,4.083292910215296
172,4.083292910215296
173,4.083292910215296
174,4.083292910215296
175,4.083292910215296
176,4.083292910215296
177,4.083292910215296
178,4.083292910215296
179,4.083292910215296
180,4.083292910215296
181,4.083292910215296
182,4.083292910215296
183,4.083292910215296
184,4.083292910215296
185,4.083292910215296
186,4.083292910215296
187,4.083292910215296
188,4.083292910215296
189,4.083292910215296
190,4.083292910215296
191,4.083292910215296
192,4.083292910215296
193,4.083292910215296
194,4.083292910215296
195,4.083292910215296
196,4.083292910215296
197,4.083292910215296
198,4.083292910215296
199,4.083292910215296
200,4.083292910215296
201,4.083292910215296
202,4.083292910215296
203,4.083292910215296
204,4.083292910215296
205,4.083292910215296
206,4.083292910215296
207,4.083292910215296
208,4.083292910215296
209,4.083292910215296
210,4.083292910215296
211,4.083292910215296
212,4.083292910215296
213,4.083292910215296
214,4.083292910215296
215,4.083292910215296
216,4.083292910215296
217,4.083292910215296
218,4.083292910215296
219,4.083292910215296
220,4.083292910215296
221,4.083292910215296
222,4.083292910215296
223,4.083292910215296
224,4.083292910215296
225,4.083292910215296
226,4.083292910215296
227,4.083292910215296
228,4.083292910215296
229,4.083292910215296
230,4.083292910215296
231,4.083292910215296
232,4.083292910215296
233,4.083292910215296
234,4.083292910215296
235,4.083292910215296
236,4.083292910215296
237,4.083292910215296
238,4.083292910215296
239,4.083292910215296
240,4.083292910215296
241,4.083292910215296
242,4.083292910215296
243,4.083292910215296
244,4.083292910215296
245,4.083292910215296
246,4.083292910215296
247,4.083292910215296
248,4.083292910215296
249,4.083292910215296
250,4.083292910215296
251,4.083292910215296
252,4.083292910215296
253,4.083292910215296
254,4.083292910215296
255,4.083292910215296
256,4.083292910215296
257,4.083292910215296
258,4.083292910215296
259,4.083292910215296
260,4.083292910215296
261,4.083292910215296
262,4.083292910215296
263,4.083292910215296
264,4.083292910215296
265,4.083292910215296
266,4.083292910215296
267,4.083292910215296
268,4.083292910215296
269,4.083292910215296
270,4.083292910215296
271,4.083292910215296
272,4.083292910215296
273,4.083292910215296
274,4.083292910215296
275,4.083292910215296
276,4.083292910215296
277,4.083292910215296
278,4.083292910215296
279,4.083292910215296
280,4.083292910215296
281,4.083292910215296
282,4.083292910215296
283,4.083292910215296
284,4.083292910215296
285,4.083292910215296
286,4.083292910215296
287,4.083292910215296
288,4.083292910215296
289,4.083292910215296
290,4.083292910215296
291,4.083292910215296
292,4.083292910215296
293,4.083292910215296
294,4.083292910215296
295,4.083292910215296
296,4.083292910215296
297,4.083292910215296
298,4.083292910215296
299,4.083292910215296
300,4.083292910215296
301,4.083292910215296
302,4.083292910215296
303,4.083292910215296
304,4.083292910215296
305,4.083292910215296
306,4.083292910215296
307,4.083292910215296
308,4.083292910215296
309,4.083292910215296
310,4.083292910215296
311,4.083292910215296
312,4.083292910215296
313,4.083292910215296
314,4.083292910215296
315,4.083292910215296
316,4.083292910215296
317,4.083292910215296
318,4.083292910215296
319,4.083292910215296
320,4.083292910215296
321,4.083292910215296
322,4.083292910215296
323,4.083292910215296
324,4.083292910215296
325,4.083292910215296
326,4.083292910215296
327,4.083292910215296
328,4.083292910215296
329,4.083292910215296
330,4.083292910215296
331,4.083292910215296
332,4.083292910215296
333,4.083292910215296
334,4.083292910215296
335,4.083292910215296
336,4.083292910215296
337,4.083292910215296
338,4.083292910215296
339,4.083292910215296
340,4.083292910215296
341,4.083292910215296
342,4.083292910215296
343,4.083292910215296
344,4.083292910215296
345,4.083292910215296
346,4.083292910215296
347,4.083292910215296
348,4.083292910215296
349,4.083292910215296
350,4.083292910215296
351,4.083292910215296
352,4.083292910215296
353,4.083292910215296
354,4.083292910215296
355,4.083292910215296
356,4.083292910215296
357,4.083292910215296
358,4.083292910215296
359,4.083292910215296
360,4.083292910215296
361,4.083292910215296
362,4.083292910215296
363,4.083292910215296
364,4.083292910215296
365,4.083292910215296
366,4.083292910215296
367,4.083292910215296
368,4.083292910215296
369,4.083292910215296
370,4.083292910215296
371,4.083292910215296
372,4.083292910215296
373,4.083292910215296
374,4.083292910215296
375,4.083292910215296
376,4.083292910215296
377,4.083292910215296
378,4.083292910215296
379,4.083292910215296
380,4.083292910215296
381,4.083292910215296
382,4.083292910215296
383,4.083292910215296
384,4.083292910215296
385,4.083292910215296
386,4.083292910215296
387,4.083292910215296
388,4.083292910215296
389,4.083292910215296
390,4.083292910215296
391,4.083292910215296
392,4.083292910215296
393,4.083292910215296
394,4.083292910215296
395,4.083292910215296
396,4.083292910215296
397,4.083292910215296
398,4.083292910215296
399,4.083292910215296
400,4.083292910215296
401,4.083292910215296
402,4.083292910215296
403,4.083292910215296
404,4.083292910215296
405,4.083292910215296
406,4.083292910215296
407,4.083292910215296
408,4.083292910215296
409,4.083292910215296
410,4.083292910215296
411,4.083292910215296
412,4.083292910215296
413,4.083292910215296
414,4.083292910215296
415,4.083292910215296
416,4.083292910215296
417,4.083292910215296
418,4.083292910215296
419,4.083292910215296
420,4.083292910215296
421,4.083292910215296
422,4.083292910215296
423,4.083292910215296
424,4.083292910215296
425,4.083292910215296
426,4.083292910215296
427,4.083292910215296
428,4.083292910215296
429,4.083292910215296
430,4.083292910215296
431,4.083292910215296
432,4.083292910215296
433,4.083292910215296
434,4.083292910215296
435,4.083292910215296
436,4.083292910215296
437,4.083292910215296
438,4.083292910215296
439,4.083292910215296
440,4.083292910215296
441,4.083292910215296
442,4.083292910215296
443,4.083292910215296
444,4.083292910215296
445,4.083292910215296
446,4.083292910215296
447,4.083292910215296
448,4.083292910215296
449,4.083292910215296
450,4.083292910215296
451,4.083292910215296
452,4.083292910215296
453,4.083292910215296
454,4.083292910215296
455,4.083292910215296
456,4.083292910215296
457,4.083292910215296
458,4.083292910215296
459,4.083292910215296
460,4.083292910215296
461,4.083292910215296
462,4.083292910215296
463,4.083292910215296
464,4.083292910215296
465,4.083292910215296
466,4.083292910215296
467,4.083292910215296
468,4.083292910215296
469,4.083292910215296
470,4.083292910215296
471,4.083292910215296
472,4.083292910215296
473,4.083292910215296
474,4.083292910215296
475,4.083292910215296
476,4.083292910215296
477,4.083292910215296
478,4.083292910215296
479,4.083292910215296
480,4.083292910215296
481,4.083292910215296
482,4.083292910215296
483,4.083292910215296
484,4.083292910215296
485,4.083292910215296
486,4.083292910215296
487,4.083292910215296
488,4.083292910215296
489,4.083292910215296
490,4.083292910215296
491,4.083292910215296
492,4.083292910215296
493,4.083292910215296
494,4.083292910215296
495,4.083292910215296
496,4.083292910215296
497,4.083292910215296
498,4.083292910215296
499,4.083292910215296
500,4.083292910215296
