matrix,algo,cost,real_ns,cpu_ns
10_random_adj_mat_0.txt,nn,2.698943228318944,6563,6562
10_random_adj_mat_0.txt,nn2,2.5606968224794606,10753,10937
10_random_adj_mat_0.txt,rrnn,2.4264022434978916,16176500,31250000
10_random_adj_mat_1.txt,nn,2.970647263806921,6224,6250
10_random_adj_mat_1.txt,nn2,2.91984797950471,11107,10937
10_random_adj_mat_1.txt,rrnn,2.91984797950471,31659400,15625000
10_random_adj_mat_2.txt,nn,3.590847337015066,6611,6250
10_random_adj_mat_2.txt,nn2,3.359837310139135,11950,12500
10_random_adj_mat_2.txt,rrnn,3.351320331000942,15862500,31250000
10_random_adj_mat_3.txt,nn,3.483118298482454,6719,6250
10_random_adj_mat_3.txt,nn2,3.483118298482454,9716,9375
10_random_adj_mat_3.txt,rrnn,3.297805212130009,15660100,15625000
10_random_adj_mat_4.txt,nn,3.7121823781833925,6419,6250
10_random_adj_mat_4.txt,nn2,3.708619425870648,12236,12187
10_random_adj_mat_4.txt,rrnn,3.2268629179918995,16618800,15625000
10_random_adj_mat_5.txt,nn,2.847858890233979,6776,6250
10_random_adj_mat_5.txt,nn2,2.847858890233979,9545,9687
10_random_adj_mat_5.txt,rrnn,2.334051028911734,16115400,31250000
10_random_adj_mat_6.txt,nn,2.960850034415725,6674,6875
10_random_adj_mat_6.txt,nn2,2.8527480232166775,11977,12187
10_random_adj_mat_6.txt,rrnn,2.8527480232166775,16057300,15625000
10_random_adj_mat_7.txt,nn,3.164341647836845,6396,6250
10_random_adj_mat_7.txt,nn2,3.0228154731523884,14875,14687
10_random_adj_mat_7.txt,rrnn,2.8362240587991128,15687100,15625000
10_random_adj_mat_8.txt,nn,3.356254627355101,6569,6562
10_random_adj_mat_8.txt,nn2,3.1096945434968846,12155,12187
10_random_adj_mat_8.txt,rrnn,2.983899143056186,15964200,15625000
10_random_adj_mat_9.txt,nn,3.2610975833465736,6494,5937
10_random_adj_mat_9.txt,nn2,3.2610975833465736,8949,9375
10_random_adj_mat_9.txt,rrnn,2.828184716381501,16103200,15625000
15_random_adj_mat_0.txt,nn,4.475034600141252,12701,12812
15_random_adj_mat_0.txt,nn2,4.3509138566514665,24383,24687
15_random_adj_mat_0.txt,rrnn,3.679208701557944,47152700,31250000
15_random_adj_mat_1.txt,nn,3.9261762959234,12252,12187
15_random_adj_mat_1.txt,nn2,3.8930356251771125,19861,20000
15_random_adj_mat_1.txt,rrnn,3.2927732135176573,32171600,46875000
15_random_adj_mat_2.txt,nn,3.9989671319673215,12742,12187
15_random_adj_mat_2.txt,nn2,3.9544673548228735,20969,21250
15_random_adj_mat_2.txt,rrnn,3.376193483635292,40255000,46875000
15_random_adj_mat_3.txt,nn,3.417148280048879,12625,12187
15_random_adj_mat_3.txt,nn2,3.406287158555747,20438,20312
15_random_adj_mat_3.txt,rrnn,3.2555221788750175,46930800,46875000
15_random_adj_mat_4.txt,nn,3.3408843984374395,13316,12812
15_random_adj_mat_4.txt,nn2,3.2289557631299477,20405,20000
15_random_adj_mat_4.txt,rrnn,3.0376088161830266,45117100,46875000
15_random_adj_mat_5.txt,nn,3.918767754363258,12746,12500
15_random_adj_mat_5.txt,nn2,3.649610312053784,21627,21562
15_random_adj_mat_5.txt,rrnn,3.034791260708352,35984400,46875000
15_random_adj_mat_6.txt,nn,3.4613287033472,12242,12187
15_random_adj_mat_6.txt,nn2,3.4499416202285538,17686,17187
15_random_adj_mat_6.txt,rrnn,2.8747424255513714,37264100,31250000
15_random_adj_mat_7.txt,nn,3.083606627661779,12849,12812
15_random_adj_mat_7.txt,nn2,3.0407560736023016,18695,19375
15_random_adj_mat_7.txt,rrnn,2.953731551886327,31854300,31250000
15_random_adj_mat_8.txt,nn,2.7818963411812474,13045,13125
15_random_adj_mat_8.txt,nn2,2.7818963411812474,17755,17500
15_random_adj_mat_8.txt,rrnn,2.7818963411812474,23922200,46875000
15_random_adj_mat_9.txt,nn,3.6990596801802242,12636,12500
15_random_adj_mat_9.txt,nn2,3.6879068481763055,18520,18437
15_random_adj_mat_9.txt,rrnn,3.279437951566352,39574400,31250000
20_random_adj_mat_0.txt,nn,3.9623527747257015,21337,21250
20_random_adj_mat_0.txt,nn2,3.9623527747257015,27822,27812
20_random_adj_mat_0.txt,rrnn,3.915750263020436,59300700,62500000
20_random_adj_mat_1.txt,nn,4.725527534528709,21721,21562
20_random_adj_mat_1.txt,nn2,4.71627873892552,29611,29687
20_random_adj_mat_1.txt,rrnn,4.534005355610316,63547100,62500000
20_random_adj_mat_2.txt,nn,5.274989374130197,21252,21250
20_random_adj_mat_2.txt,nn2,5.158844259352955,30989,30625
20_random_adj_mat_2.txt,rrnn,4.087529635107896,66505900,62500000
20_random_adj_mat_3.txt,nn,5.506556040129809,21745,21875
20_random_adj_mat_3.txt,nn2,5.364732115676947,33264,33437
20_random_adj_mat_3.txt,rrnn,4.139912226172395,55430000,62500000
20_random_adj_mat_4.txt,nn,3.7357356951815293,21566,21875
20_random_adj_mat_4.txt,nn2,3.7357356951815293,27933,27500
20_random_adj_mat_4.txt,rrnn,3.483894774010488,67493400,62500000
20_random_adj_mat_5.txt,nn,4.0510809276076545,21019,20625
20_random_adj_mat_5.txt,nn2,3.8475736513460532,43503,43125
20_random_adj_mat_5.txt,rrnn,3.365029253918963,49072500,62500000
20_random_adj_mat_6.txt,nn,4.917943756532523,21202,20937
20_random_adj_mat_6.txt,nn2,4.917943756532523,27674,27812
20_random_adj_mat_6.txt,rrnn,3.8691641956046054,51861000,62500000
20_random_adj_mat_7.txt,nn,4.488141714808526,21433,21250
20_random_adj_mat_7.txt,nn2,4.479368412110841,31731,31250
20_random_adj_mat_7.txt,rrnn,3.3754140686680203,62550700,62500000
20_random_adj_mat_8.txt,nn,5.419122941271862,20940,20312
20_random_adj_mat_8.txt,nn2,5.390800055275838,31838,31250
20_random_adj_mat_8.txt,rrnn,4.931460056271033,61509100,62500000
20_random_adj_mat_9.txt,nn,3.8289489942794606,20649,20937
20_random_adj_mat_9.txt,nn2,3.7830516440661377,38093,37187
20_random_adj_mat_9.txt,rrnn,3.7105195494058627,54133300,46875000
25_random_adj_mat_0.txt,nn,3.888328505908574,31323,31250
25_random_adj_mat_0.txt,nn2,3.8404919968785505,54979,54062
25_random_adj_mat_0.txt,rrnn,3.7107565742825046,96525400,93750000
25_random_adj_mat_1.txt,nn,4.682557674214626,32220,32187
25_random_adj_mat_1.txt,nn2,4.61423720044233,53506,53125
25_random_adj_mat_1.txt,rrnn,4.4802074889045125,95881900,93750000
25_random_adj_mat_2.txt,nn,4.907781285944539,999100,31562
25_random_adj_mat_2.txt,nn2,4.907781285944539,39364,38750
25_random_adj_mat_2.txt,rrnn,4.23029312061541,80660400,93750000
25_random_adj_mat_3.txt,nn,5.1643984501286955,31056,31562
25_random_adj_mat_3.txt,nn2,5.025550073857232,57162,56562
25_random_adj_mat_3.txt,rrnn,4.405402731053931,94996000,93750000
25_random_adj_mat_4.txt,nn,5.610782414457042,31764,30937
25_random_adj_mat_4.txt,nn2,5.388949797804773,56653,55937
25_random_adj_mat_4.txt,rrnn,4.799740090102847,95970700,78125000
25_random_adj_mat_5.txt,nn,5.794306923030747,31088,30625
25_random_adj_mat_5.txt,nn2,5.754902723037461,45644,45312
25_random_adj_mat_5.txt,rrnn,4.353679666713324,77420200,93750000
25_random_adj_mat_6.txt,nn,4.6403581936712825,30709,30937
25_random_adj_mat_6.txt,nn2,4.4918882693071245,50400,49375
25_random_adj_mat_6.txt,rrnn,4.041810099734405,79723900,93750000
25_random_adj_mat_7.txt,nn,6.204088208344906,31980,32187
25_random_adj_mat_7.txt,nn2,6.1719799187190025,43155,42812
25_random_adj_mat_7.txt,rrnn,4.861737015967159,95102700,93750000
25_random_adj_mat_8.txt,nn,4.427992256443447,31267,30937
25_random_adj_mat_8.txt,nn2,4.425231252225151,46533,46250
25_random_adj_mat_8.txt,rrnn,4.48430025792995,99581500,93750000
25_random_adj_mat_9.txt,nn,5.191860903427984,30884,31250
25_random_adj_mat_9.txt,nn2,5.014183966527245,57004,56562
25_random_adj_mat_9.txt,rrnn,3.876908869908105,82406800,93750000
30_random_adj_mat_0.txt,nn,5.207714818464909,41887,41875
30_random_adj_mat_0.txt,nn2,5.207714818464909,52352,51875
30_random_adj_mat_0.txt,rrnn,5.035946835452618,120983500,109375000
30_random_adj_mat_1.txt,nn,6.064367823646382,44129,42812
30_random_adj_mat_1.txt,nn2,5.747406234529158,92903,92500
30_random_adj_mat_1.txt,rrnn,4.91602654103652,109015600,125000000
30_random_adj_mat_2.txt,nn,6.622631639508675,42607,41562
30_random_adj_mat_2.txt,nn2,6.622631639508675,52129,51562
30_random_adj_mat_2.txt,rrnn,5.096164418570789,121444000,125000000
30_random_adj_mat_3.txt,nn,6.036559582744721,44796,44062
30_random_adj_mat_3.txt,nn2,6.025882853545912,63701,62187
30_random_adj_mat_3.txt,rrnn,5.572380936012793,139326400,125000000
30_random_adj_mat_4.txt,nn,5.2306065813065965,42250,42500
30_random_adj_mat_4.txt,nn2,5.083601357935628,71890,70937
30_random_adj_mat_4.txt,rrnn,5.108874232608546,128770300,109375000
30_random_adj_mat_5.txt,nn,7.040016676142321,42446,41562
30_random_adj_mat_5.txt,nn2,7.010822066675918,60150,59375
30_random_adj_mat_5.txt,rrnn,5.321437917916536,111380400,109375000
30_random_adj_mat_6.txt,nn,5.778464506439794,44083,43750
30_random_adj_mat_6.txt,nn2,5.734152731315683,66839,65625
30_random_adj_mat_6.txt,rrnn,4.804786452601907,127349900,125000000
30_random_adj_mat_7.txt,nn,5.703570743430549,42059,42187
30_random_adj_mat_7.txt,nn2,5.6410637694409616,94105,92500
30_random_adj_mat_7.txt,rrnn,5.122617454037603,119208100,125000000
30_random_adj_mat_8.txt,nn,5.393178476557452,42291,42187
30_random_adj_mat_8.txt,nn2,5.351055506594095,62019,60937
30_random_adj_mat_8.txt,rrnn,5.078694141562011,118762600,125000000
30_random_adj_mat_9.txt,nn,5.613270358453305,41986,42812
30_random_adj_mat_9.txt,nn2,5.576491230629507,53590,52500
30_random_adj_mat_9.txt,rrnn,4.799572304375962,127473800,125000000
